Date,타이틀,Details,Rating,목표주가,현재가격,Analyst
2024-06-27,삼성전자,"['A005930', '-레거시의 시간을 기다리며', 'HBM에 대한 기대감은 이미 낮아진 상황, 우려보다는 기대를', '결국 레거시가 돌아선다면 시장의 관심은 높아 질 것']",BUY,100000,81500,NH투자증권
2024-06-27,삼성전자,"['A005930', '-실적 호조 속, AI 모멘텀 확대 예상', '2Q24 반도체 부문 실적 호조 예상', '3Q24 영업이익 12.9조원, 시장 기대치 상회 전망']",BUY,110000,81500,키움증권
2024-06-27,삼성전자,"['A005930', '-2Q24 Preview: 지금 안 사면 후회', '2분기 실적은 컨센서스 부합 전망', '기회가 위험보다 크다면 사는 게 맞다']",매수,120000,81500,한국투자증권
2024-06-25,삼성전자,"['A005930', '-업사이클의 지속', '2Q24 실적은 매출액 72.4조원(+21% YoY), 영업이익 7.9조원(+1,083% YoY)으로 전망', '업사이클의 지속']",BUY,109000,81500,DS투자증권
2024-06-24,삼성전자,"['A005930', '-하반기 HBM에서의 성과만 확인된다면', '2Q24 Preview : 영업이익 8조원 전망', '하반기 HBM3E에서의 성과만 확인된다면 완벽']",BUY,115000,81500,한화투자증권
2024-06-24,삼성전자,"['A005930', '-2Q24 실적 Preview와 하반기 전망', '2Q24 영업이익 8.4조원 예상: 반도체 상향, 스마트폰 하향 조정', '하반기 메모리 가격 불투명, AI 노출도 확대 여부가 관건']",매수,93000,81500,BNK투자증권
2024-06-21,삼성전자,"['A005930', '-Focus on Improving Legacy Chip Earnings', 'Memory chip supply-demand dynamics continue to improve', '2Q24E OP of KRW8.1tn in line']",BUY,120000,81500,KB증권
2024-06-21,삼성전자,"['A005930', '-범용 메모리 실적 개선 주목', '하반기 메모리 수급 개선 지속', '2분기 추정 영업이익 8.1조원, 컨센 부합']",BUY,120000,81500,KB증권
2024-06-21,삼성전자,"['A005930', '-레거시는 타이밍', '레거시 수요 회복세에 기반한 실적 효과는 2H24부터 본격 확인', '장기 호황 Cycle에서 물량(캐파) 효과에 따른 실적 극대화는 25년 주요 관전 포인트']",BUY,110000,81500,다올투자증권
2024-06-14,삼성전자,"['A005930', '-메모리 반도체 수급 개선으로 실적 개선 이어질 전망', 'HBM3E의 NVIDIA 진입 여부가 Trigger가 될 전망', '2분기 매출액은 Galaxy S24 판매 감소에도 불구하고 메모리 반도체 가격 상승과 SDC 실적 개선에 힘입어 QoQ로 6.9% 증가한 76.8조원을 기록할 것으로 예상']",BUY,100000,81500,현대차증권
2024-06-12,삼성전자,"['A005930', '-Gradual Recovery Ahead', '메모리 업사이클 속 절치부심 이후 반등 전략에 주목', '2Q24 영업이익 7.6조원 예상, 이후 2025년 대폭 실적 개선']",BUY,100000,81500,메리츠증권
2024-06-05,삼성전자,"['A005930', '-Focus on the big picture', 'Potential for HBM chips to pass Nvidia’s qualification testing', 'OP margin gap between conventional memory and HBM to close gradually']",매수,110000,81500,미래에셋증권
2024-06-05,삼성전자,"['A005930', '-하나만 보면 열을 놓친다', '첫째, NVDA향 HBM 퀄 승인 가능성', '둘째, 메모리 vs HBM 이익률 격차 점차 축소']",매수,110000,81500,미래에셋증권
2024-05-31,삼성전자,"['A005930', '-변화의 바람', '4Q24 일반 DRAM의 HBM 이익률 역전 전망', 'De-rating 해소 기대감 유효']",BUY,100000,81500,흥국증권
2024-05-31,삼성전자,"['A005930', '-물량의 명수', '2H24/25년 전망 및 투자전략 제시', '적정주가 11만원으로 상향, 차선호주 유지']",BUY,110000,81500,다올투자증권
2024-05-29,삼성전자,"['A005930', '-HBM3e에 대한 시장의 지나친 우려', 'HBM3 매출액 발생. HBM3e 고객사 퀄 진행 중', '삼성전자 9세대 QLC 제품 판매 본격화. NAND 기술 격차 재 확대 예상']",BUY,100000,81500,키움증권
,삼성전자 9세대 QLC 제품 판매 본격화. NAND 기술 격차 재 확대 예상,[],BUY,100000,81500,키움증권
2024-05-28,삼성전자,"['A005930', '-상반기까지HBM은 미완성', '삼성전자의 2024년 2분기 실적은 이전 전망치와 유사하지만 영업이익 전망을 소폭 하향 조정.', '매출액 70조원, 영업이익 7.57조원으로 예상. DS사업부를 이전 전망 대비 하향 조정']",매수,110000,81500,IBK투자증권
,삼성전자의 2024년 2분기 실적은 이전 전망치와 유사하지만 영업이익 전망을 소폭 하향 조정.,"['매출액 70조원, 영업이익 7.57조원으로 예상. DS사업부를 이전 전망 대비 하향 조정']",매수,110000,81500,IBK투자증권
2024-05-27,삼성전자,"['A005930', '-2024년 하반기 전망; 메모리 이익 극대화를 추구하는 방법', '삼성전자의 HBM 대응 중요성, 당위성 점증', 'HBM을 활용한 Commodity 가격 반등 전략 추구 전망']",매수,105000,81500,SK증권
,"삼성전자의 HBM 대응 중요성, 당위성 점증",['HBM을 활용한 Commodity 가격 반등 전략 추구 전망'],매수,105000,81500,SK증권
2024-05-22,삼성전자,"['A005930', '-Change of DS Head Seen as Turning Point', 'New DS head: Focus on increasing HBM yield, Foundry earnings', 'Jeon known to prioritize maintaining technological edge; expect DS turnaround', '81,500', 'KB증권', '김동원', '20', '24', '/05/22', '삼성전자', 'A005930', '-DS CEO 교체: 반도체 분위기 쇄신 전환점', '신임 DS 부문장: HBM 수율 향상, 파운드리 실적 개선 초점', '전영현 DS 부문장: 기술 경쟁력 최우선, 반도체 분위기 쇄신 전환점', '81,500', 'KB증권', '김동원', '20', '24', '/05/20', '삼성전자', 'A005930', '-최대 고객향 HBM3E 출하 소식 필요', '동사 2Q24 매출과 영업이익은 72.8조원과 9.8조원을 기록할 것으로 전망', '당사가 현재 전망하고 있는 2Q24 부문별 영업이익 전망치는 반도체 5.6조원 (Memory 6.1조원), SDC 0.4조원, MX/네트워크 2.8조원, CE (하만 포함) 0.9조원']",BUY,91000,81500,하이투자증권
2024-05-22,삼성전자,"['A005930', '-DS CEO 교체: 반도체 분위기 쇄신 전환점', '신임 DS 부문장: HBM 수율 향상, 파운드리 실적 개선 초점', '전영현 DS 부문장: 기술 경쟁력 최우선, 반도체 분위기 쇄신 전환점', '81,500', 'KB증권', '김동원', '20', '24', '/05/20', '삼성전자', 'A005930', '-최대 고객향 HBM3E 출하 소식 필요', '동사 2Q24 매출과 영업이익은 72.8조원과 9.8조원을 기록할 것으로 전망', '당사가 현재 전망하고 있는 2Q24 부문별 영업이익 전망치는 반도체 5.6조원 (Memory 6.1조원), SDC 0.4조원, MX/네트워크 2.8조원, CE (하만 포함) 0.9조원']",BUY,91000,81500,하이투자증권
2024-05-20,삼성전자,"['A005930', '-최대 고객향 HBM3E 출하 소식 필요', '동사 2Q24 매출과 영업이익은 72.8조원과 9.8조원을 기록할 것으로 전망', '당사가 현재 전망하고 있는 2Q24 부문별 영업이익 전망치는 반도체 5.6조원 (Memory 6.1조원), SDC 0.4조원, MX/네트워크 2.8조원, CE (하만 포함) 0.9조원']",BUY,91000,81500,하이투자증권
2024-05-17,삼성전자,"['A005930', '-실적 추이 및 전망', '견조한 메모리 업황으로 인해 2024년 하반기 및 2025년 CAPA 1위 업체로서의 위상 회복 예상', '2023년 불황에도 우월한 FCF 기반으로 인프라 투자 선행했기 때문에 CAPA 여력을 기반으로 매출 및 이익 극대화 가능']",BUY,106000,81500,하나증권
2024-05-16,삼성전자,"['A005930', '-영세 사업자 취급은 그만', '실적 전망 및 밸류에이션', '동사의 HBM, 우려가 과하다']",매수,110000,81500,미래에셋증권
2024-05-16,삼성전자,"['A005930', '-Likely to deliver on promises', 'Raise TP to W110,000', 'HBM concerns are overblown']",매수,110000,81500,미래에셋증권
2024-05-08,삼성전자,"['A005930', '-메모리가 다시 돌아왔다(하반기 HBM 공급 기대, eSSD 수요 증가로 NAND 회복)', '?', '2024년 상반기는 DRAM, NAND 가격 상승에 대한 효과 존재']",BUY,100000,81500,대신증권
2024-05-02,삼성전자,"['A005930', '-반도체 중심의 실적 개선세 지속될 것', '1Q24 Review: NAND 흑자전환', '투자의견 BUY, 목표주가 10만원 유지']",BUY,100000,81500,유안타증권
2024-05-02,삼성전자,"['A005930', '-HBM 추격 전략 입증은 차별화 요인', '메모리 업사이클 속 1Q24 실적 회복 가속화. 순현금 역시 소폭 증가', 'HBM 추격 전략의 구체화 및 입증 필요. Buy 투자의견 적정주가 10만원']",BUY,100000,81500,메리츠증권
2024-05-02,삼성전자,"['A005930', '-12단에서 NCF의 경쟁력이 확인되면..', '투자포인트 및 결론', '주요 이슈 및 실적전망']",BUY,100000,81500,현대차증권
2024-05-02,삼성전자,"['A005930', '-HBM 시장 리더십 탈환을 위한 첫걸음', '1Q24 반도체 영업이익, 당사 기대치 상회', '2Q24 영업이익 9.3조원, 시장 기대치 대폭 상회할 전망']",BUY,100000,81500,키움증권
2024-05-02,삼성전자,"['A005930', '-초격차에서 추격자로...', '삼성은 이제 추격자로서 앞서있는 업체들과의 거리를 좁혀야 하는 입장이다', '2분기는 매출 71.6조원, 영업이익 8.2조원, 2024년은 매출 304조원(+18%), 영업이익 39조원(+493%)의 실적을 예상한다']",BUY,107000,81500,유진투자증권
2024-05-02,삼성전자,"['A005930', '-반도체와 함께하는 약속의 하반기', '이제는 회복에서 성장으로', '아쉬운 MX 부문 수익성, 하지만 2분기도 긍정적인 실적 전망']",BUY,100000,81500,NH투자증권
2024-05-02,삼성전자,"['A005930', '-2Q24 영업이익 9.8조원 전망', 'Memory 반도체 부문에서 예상을 상회한 1Q24 실적', '2Q24 영업이익 9.8조원 전망']",BUY,95000,81500,하이투자증권
2024-05-02,삼성전자,"['A005930', '-베이스 시나리오로도 35.5% 업사이드', '최근 국내외 실적발표를 통해 NAND에서의 기회요인까지 부각, 메모리 실적에 대한 기대감은 24년, 25년 모두 가파르게 확대.', '향후 레거시 회복 과정에서 1차, AI 수요향 고부가 제품 경쟁력 확인 과정에서 2차 주가 상승 기대']",BUY,105000,81500,다올투자증권
2024-05-02,삼성전자,"['A005930', '-다시 찾아온 삼성의 시간', '목표주가 120,000원으로 상향', '2분기 추정 영업이익 8.3조원, DS 4.4조원']",BUY,120000,81500,KB증권
2024-05-02,삼성전자,"['A005930', '-1Q24 Review: NAND도 흑자 전환', '영업이익은 컨센서스를 상회', '아직 갈 길이 멀지만']",매수,120000,81500,한국투자증권
2024-05-02,삼성전자,"['A005930', '-물량 경쟁 No! 메모리 이익 가속', '1Q24 Review: DRAM, NAND 모두 흑자전환', '2Q24 Preview: 견조한 메모리 가격 기반으로 영업이익 8조원 전망']",BUY,106000,81500,하나증권
2024-05-02,삼성전자,"['A005930', '-가격 효과 2분기에도 지속', '24년 1분기, 반도체, 모바일 개선/ 디스플레이 부진', '24년 2분기. 반도체, 디스플레이 개선/모바일 부진']",매수,110000,81500,IBK투자증권
2024-05-02,삼성전자,"['A005930', '-반도체가 견인하며 2Q24 영업이익 7.82조원 전망', '2Q24 영업이익 7.82조원 전망: 반도체가 견인, DX 부진을 상쇄', '메모리 1Q24 흑전, 비메모리는 하반기 흑전 기대']",매수,93000,81500,BNK투자증권
2024-05-02,삼성전자,"['A005930', '-수익성 추구 전략 지속', '1Q24 영업이익 6.6 조원의 호실적 기록. 메모리 가격 반등 예상 상회', '2Q24 영업이익 7.6 조원 (+16% QoQ) 예상. 수익성 추구 전략 지속']",매수,100000,81500,SK증권
2024-05-02,삼성전자,"['A005930', '-HBM 의심은 거두자', '첫째, HBM 매출 본격화. 더 이상 불필요한 논쟁은 삼가자', '둘째, AI향 NAND 시장 개화. NAND는 동사의 특기 전공 분야다']",매수,105000,81500,미래에셋증권
2024-05-02,삼성전자,"['A005930', '-HBM 기다릴 동안 NAND부터 가실게요', '하반기로 갈수록 실적 개선세 가속화 전망', '1Q24 Review: ① 예상보다 빠른 회복 확인, ② 고부가 수요 증가 기대']",매수,110000,81500,신한투자증권
2024-05-02,삼성전자,"['A005930', '-1Q24 Review 컨센상회, 메모리 판가 상승효과', '1Q24 Review 메모리 판가 상승, 낸드마저 흑자', '2Q24 공격적인 ASP 전략 지속']",BUY,95000,81500,교보증권
2024-05-02,삼성전자,"['A005930', '-메모리 실적개선 반영 필요', '1Q24 Review: NAND 흑자전환', '제한된 공급과 eSSD 수요 증가 지속 전망']",BUY,100000,81500,흥국증권
2024-05-02,삼성전자,"['A005930', '-메모리가 돌아왔다', '1Q24 매출액 71.9조원, 영업이익 6.6조원으로 실적 회복 구간 진입', '2분기 HBM3E 양산 시작 및 서버용 eSSD 공급이 확대되며 이익률 개선']",BUY,100000,81500,대신증권
2024-05-02,삼성전자,"['A005930', '-AI향 메모리 경쟁력 점진적 강화 전망', '1Q24 Review : 낸드에도 AI 시장 성장 수혜 반영되기 시작', 'AI향 메모리 경쟁력 점진적 강화 전망']",BUY,115000,81500,한화투자증권
2024-05-02,삼성전자,"['A005930', '-Samsung Time Once Again', 'Raise TP to KRW120,000', '2Q24E OP of KRW8.3tn (DS']",BUY,120000,81500,KB증권
2024-05-02,삼성전자,"['A005930', '-보다 강해진 HBM 의지', '1Q24P Review-드디어 메모리 흑자 전환', '보다 강해진 HBM 의지']",BUY,100000,81500,DB금융투자
2024-05-02,삼성전자,"['A005930', '-Doubts over HBM business to dissipate', 'HBM monetization to begin in earnest, dispelling doubts', 'Blossoming of NAND market for AI applications']",매수,105000,81500,미래에셋증권
2024-05-02,삼성전자,"['A005930', '-Growth expected in 2H24, centering on semiconductors', 'Growth cycle resuming', 'Disappointing MX margins, but 2Q24 earnings prospects remain rosy']",BUY,100000,81500,NH투자증권
2024-05-02,삼성전자,"['A005930', '-Earnings improvement centered on semiconductor to continue', '1Q24 review: NAND turns to profit', 'Maintain BUY and target price of W100,000']",BUY,100000,81500,유안타증권
2024-05-02,삼성전자,"['A005930', '-메모리가 견인한 실적', '2024년 1분기 실적 Review:', '2024년 2분기 실적 Preview:']",매수,100000,81500,신영증권
2024-04-30,삼성전자,"['A005930', '-반도체는 그냥 좋아', '1Q24 상세실적 Review', '2Q24 영업이익 8조원 육박할 것']",BUY,109000,81500,DS투자증권
2024-04-30,삼성전자,"['A005930', '-Margin to improve in 2H', 'Margin to improve in 2H', 'Ramping up HBM production as much as possible is the way to lift margins']",BUY,110000,81500,삼성증권
2024-04-30,삼성전자,"['A005930', '-하반기 마진 개선', '반도체 실적은 예상과 같이 흑자 전환, 그리고 하반기 가이던스는 긍정적', 'HBM 확대 최우선 정책으로 하반기 범용 생산은 상반기 대비 6~7% 감산 효과']",BUY,110000,81500,삼성증권
2024-04-30,삼성전자,"['A005930', '-1Q24 컨퍼런스 콜', '1Q24 (B/G) DRAM -15%, NAND -3%, (ASP) DRAM +17%, NAND +32% QoQ 추정. NAND 흑자전환', 'HBM3e 8hi 초기 양산 시작. 업계 최초 12hi 샘플 공급 중. 하반기 12hi 수요 증가 적기 대응할 것', '81,500', 'SK증권', '한동희', '20', '24', '/04/19', '삼성전자', 'A005930', '-살까팔까; AI 고부가 제품 채택이 확인되는 구간, Custom HBM 현실화 속도에 대한 관심', '상반기 시장의 최대 화두는 AI, 반도체에서도 AI의 직접적인 수혜주 찾기', '기대감과 함께 진짜 현실적인 수혜주를 찾고자 하는 투자자의 시선 교차', '81,500', '상상인증권', '이종원', '20', '24', '/04/16', '삼성전자', 'A005930', '-1분기 DS 기대치 크게 상회', '삼성전자의 2024년 1분기 잠정 매출액은 2023년 4분기 대비 5.3% 증가한 71조원', '삼성전자의 2024년 1분기 DS사업부는 Bit Growth는 예상 수준이었으나 가격 움직임은 경쟁사 수준에 부합한 것으로 추정']",매수,110000,81500,IBK투자증권
2024-04-19,삼성전자,"['A005930', '-살까팔까; AI 고부가 제품 채택이 확인되는 구간, Custom HBM 현실화 속도에 대한 관심', '상반기 시장의 최대 화두는 AI, 반도체에서도 AI의 직접적인 수혜주 찾기', '기대감과 함께 진짜 현실적인 수혜주를 찾고자 하는 투자자의 시선 교차', '81,500', '상상인증권', '이종원', '20', '24', '/04/16', '삼성전자', 'A005930', '-1분기 DS 기대치 크게 상회', '삼성전자의 2024년 1분기 잠정 매출액은 2023년 4분기 대비 5.3% 증가한 71조원', '삼성전자의 2024년 1분기 DS사업부는 Bit Growth는 예상 수준이었으나 가격 움직임은 경쟁사 수준에 부합한 것으로 추정']",매수,110000,81500,IBK투자증권
2024-04-16,삼성전자,"['A005930', '-1분기 DS 기대치 크게 상회', '삼성전자의 2024년 1분기 잠정 매출액은 2023년 4분기 대비 5.3% 증가한 71조원', '삼성전자의 2024년 1분기 DS사업부는 Bit Growth는 예상 수준이었으나 가격 움직임은 경쟁사 수준에 부합한 것으로 추정']",매수,110000,81500,IBK투자증권
,삼성전자의 2024년 1분기 잠정 매출액은 2023년 4분기 대비 5.3% 증가한 71조원,['삼성전자의 2024년 1분기 DS사업부는 Bit Growth는 예상 수준이었으나 가격 움직임은 경쟁사 수준에 부합한 것으로 추정'],매수,110000,81500,IBK투자증권
,삼성전자의 2024년 1분기 DS사업부는 Bit Growth는 예상 수준이었으나 가격 움직임은 경쟁사 수준에 부합한 것으로 추정,[],매수,110000,81500,IBK투자증권
2024-04-15,삼성전자,"['A005930', '-경쟁력 입증의 기회', '메모리 업황 호조로 실적 상향 진행중', 'HBM 경쟁력 입증시 추가적인 업사이드 확보']",BUY,106000,81500,하나증권
2024-04-12,삼성전자,"['A005930', '-AI 모멘텀에 지진 반사이익 예상', '삼성전자의 6개월 목표주가를 95,000원에서 100,000원 (2024년 예상 BPS에 P/B 1.8배 적용)으로 상향하며 투자의견 BUY를 유지함', '1분기 잠정 매출액은 추정치를 3.2% 하회하는 71조원을 기록하였지만, 잠정 영업이익은 추정치를 15.7% 상회하는 6.6조원의 Earnings Surprise를 시현하였음']",BUY,100000,81500,현대차증권
,"삼성전자의 6개월 목표주가를 95,000원에서 100,000원 (2024년 예상 BPS에 P/B 1.8배 적용)으로 상향하며 투자의견 BUY를 유지함","['1분기 잠정 매출액은 추정치를 3.2% 하회하는 71조원을 기록하였지만, 잠정 영업이익은 추정치를 15.7% 상회하는 6.6조원의 Earnings Surprise를 시현하였음']",BUY,100000,81500,현대차증권
2024-04-11,삼성전자,"['A005930', '-World’s Most Undervalued AI Stock', 'Expected to receive Nvidia certification in 2Q24', 'Anticipate higher legacy product prices in 2H24 on supply shortage']",BUY,110000,81500,KB증권
2024-04-11,삼성전자,"['A005930', '-전 세계서 가장 싼 AI 주식', '2분기 엔비디아 HBM3E 인증 유력', '레거시 공급부족 심화, 하반기 상승']",BUY,110000,81500,KB증권
2024-04-08,삼성전자,"['A005930', '-2Q24 반도체 부문 이익 기여도 확대 기대', '1분기 전사 영업이익 6.6조원 기록', '투자의견 BUY, 목표주가 10만원 유지']",BUY,100000,81500,유안타증권
2024-04-08,삼성전자,"['A005930', '-실적은 굿, 이제 필요한 것은 밸류에이션 갭 축소', '매출증가율이 재고증가율을 앞서기 시작', 'PBR 갭은 점차 축소될 것']",BUY,107000,81500,유진투자증권
2024-04-08,삼성전자,"['A005930', '-모두에게 좋다 = 완연한 Up-Cycle', '1Q24 잠정실적 Review 및 투자전략 점검', '금번 실적은 Up-Cycle 방향성을 재차 확인시켜 주는 또 하나의 단서로서 긍정적으로 작용할 수 있다고 판단.']",BUY,100000,81500,다올투자증권
2024-04-08,삼성전자,"['A005930', '-예상보다 빨랐던 NAND 흑자전환', '2024년 1분기 잠정실적: 메모리가 견인한 실적 호조', '100,000원으로 목표주가 상향, 투자의견 매수 유지']",매수,100000,81500,신영증권
2024-04-08,삼성전자,"['A005930', '-1Q24 잠정실적 리뷰: 낸드마저 좋아지는 구간', '1Q24 잠정실적 리뷰: 낸드마저 좋아지는 구간', '2Q24 메모리 중심 실적 개선 가속화']",BUY,115000,81500,한화투자증권
2024-04-08,삼성전자,"['A005930', '-회복을 넘어 성장으로', '1Q24 잠정실적 리뷰: 메모리 가격 인상에 따른 실적 호조', '향후 전망: 하반기로 갈수록 동사에 유리해지는 환경']",매수,105000,81500,미래에셋증권
2024-04-08,삼성전자,"['A005930', '-메모리와 모바일이 견인한 실적', '1Q24 잠정실적: 매출액 +5%, 영업이익 +134% QoQ', '가격 상승과 환입 효과, DS 호실적 기록']",BUY,100000,81500,흥국증권
2024-04-08,삼성전자,"['A005930', '-From recovery to growth', 'Reiterate Buy and TP of W105,000', '1Q24 preliminary results: Strong earnings driven by increased memory prices']",매수,105000,81500,미래에셋증권
2024-04-08,삼성전자,"['A005930', '-Semiconductor likely to make bigger earnings contribution in 2Q24', '1Q24 OP comes to W6.6tn', 'Maintain BUY and target price of W100,000']",BUY,100000,81500,유안타증권
2024-04-08,삼성전자,"['A005930', '-2Q24 영업이익 8.1조원 전망', '반도체 부문에서 예상을 상회한 1Q24 실적', '2Q24 영업이익 8.1조원 전망']",BUY,99000,81500,하이투자증권
2024-04-08,삼성전자,"['A005930', '-1분기 DS 기대치 크게 상회', '24년 1분기 반도체 예상 대비 크게 개선, 나머지는 예상 수준', '24년 1분기/DS: 개선, 디스플레이: 부진, IM: 개선, 가전: 부진']",매수,110000,81500,IBK투자증권
2024-04-08,삼성전자,"['A005930', '-메모리 판가 상승 + 재평손 충당금 환입의 콜라보', '1Q24 잠정 실적 Review - 메모리가 견인한 실적 서프라이즈', '투자의견 Buy, 목표주가 100,000원 유지']",BUY,100000,81500,DB금융투자
2024-04-08,삼성전자,"['A005930', '-메모리 부문 이익 본격화. 할인 요소 제거중', '1Q24 잠정실적 Review: 컨센서스 대폭 상회', '영업이익 서프라이즈의 주역은 메모리 부문']",BUY,100000,81500,하나증권
2024-04-08,삼성전자,"['A005930', '-1Q24 잠정 실적 리뷰: 진격의 반도체', '1Q24 반도체 부문 실적 서프라이즈 기록', '2Q24 영업이익 9.0조원(+37%QoQ) 전망', '81,500', '키움증권', '박유악', '20', '24', '/04/08', '삼성전자', 'A005930', '-메모리 본격 이익 회복 구간 진입', '1Q24 영업이익 6.6조원으로 당사 추정치와 컨센서스를 크게 상회', 'NAND 가격 상승에 따른 재고평가손실 환입 및 일회성 반영이 기여']",BUY,100000,81500,대신증권
2024-04-08,삼성전자,"['A005930', '-메모리 본격 이익 회복 구간 진입', '1Q24 영업이익 6.6조원으로 당사 추정치와 컨센서스를 크게 상회', 'NAND 가격 상승에 따른 재고평가손실 환입 및 일회성 반영이 기여']",BUY,100000,81500,대신증권
2024-04-05,삼성전자,"['A005930', '-Only Alternative for Clients Diversifying Supply Chain', 'Maintain target price of KRW110,000; earnings normalizing', '1Q24 earnings surprise primarily driven by DS improvement']",BUY,110000,81500,KB증권
2024-04-05,삼성전자,"['A005930', '-신한속보: 1Q24 삼성전자 잠정실적 발표', '1Q24  매출액 71조, 신한 추정치 부합', '1Q24 영업이익 6.6조, 신한 추정치 상회', '81,500', '신한투자증권', '김형태', '20', '24', '/04/05', '삼성전자', 'A005930', '-삼성전자 1Q24 호실적의 배경', '1Q24 영업이익 6.6조원의 호실적 기록', '상반기 디스플레이 비수기 및 더딘 셋트 회복 감안, 전사 실적 회복을 위한 방안은 메모리 실적 회복 극대화', '81,500', 'SK증권', '한동희', '20', '24', '/04/05', '삼성전자', 'A005930', '-얘들아, 형이야', 'Surprise!', '메모리 업사이클 효과가 나타나기 시작']",매수,120000,81500,한국투자증권
,-신한속보: 1Q24 삼성전자 잠정실적 발표,"['1Q24  매출액 71조, 신한 추정치 부합', '1Q24 영업이익 6.6조, 신한 추정치 상회', '81,500', '신한투자증권', '김형태', '20', '24', '/04/05', '삼성전자', 'A005930', '-삼성전자 1Q24 호실적의 배경', '1Q24 영업이익 6.6조원의 호실적 기록', '상반기 디스플레이 비수기 및 더딘 셋트 회복 감안, 전사 실적 회복을 위한 방안은 메모리 실적 회복 극대화', '81,500', 'SK증권', '한동희', '20', '24', '/04/05', '삼성전자', 'A005930', '-얘들아, 형이야', 'Surprise!', '메모리 업사이클 효과가 나타나기 시작']",매수,120000,81500,한국투자증권
2024-04-05,삼성전자,"['A005930', '-삼성전자 1Q24 호실적의 배경', '1Q24 영업이익 6.6조원의 호실적 기록', '상반기 디스플레이 비수기 및 더딘 셋트 회복 감안, 전사 실적 회복을 위한 방안은 메모리 실적 회복 극대화', '81,500', 'SK증권', '한동희', '20', '24', '/04/05', '삼성전자', 'A005930', '-얘들아, 형이야', 'Surprise!', '메모리 업사이클 효과가 나타나기 시작']",매수,120000,81500,한국투자증권
,-삼성전자 1Q24 호실적의 배경,"['1Q24 영업이익 6.6조원의 호실적 기록', '상반기 디스플레이 비수기 및 더딘 셋트 회복 감안, 전사 실적 회복을 위한 방안은 메모리 실적 회복 극대화', '81,500', 'SK증권', '한동희', '20', '24', '/04/05', '삼성전자', 'A005930', '-얘들아, 형이야', 'Surprise!', '메모리 업사이클 효과가 나타나기 시작']",매수,120000,81500,한국투자증권
2024-04-05,삼성전자,"['A005930', '-얘들아, 형이야', 'Surprise!', '메모리 업사이클 효과가 나타나기 시작']",매수,120000,81500,한국투자증권
2024-04-05,삼성전자,"['A005930', '-공급망 다변화 유일한 대안', '목표가 11만원 유지, 실적 정상화', '1분기 서프라이즈, DS 턴어라운드']",BUY,110000,81500,KB증권
2024-04-05,삼성전자,"['A005930', '-호실적의 명과 암. 추세 전환 접근은 여전히 유효', '1Q24P 잠정 실적  기대 이상의 실적 개선 시현', '81,500', '메리츠증권', '김선우', '20', '24', '/04/05', '삼성전자', 'A005930', '-NAND의 기적 (Feat. 충당금 환입)', '1Q24 잠정실적 Review: 메모리 호실적에 기인한 서프라이즈', '일회성 요인 반영, But 메모리 가격 상승은 지속될 것']",BUY,109000,81500,DS투자증권
2024-04-05,삼성전자,"['A005930', '-NAND의 기적 (Feat. 충당금 환입)', '1Q24 잠정실적 Review: 메모리 호실적에 기인한 서프라이즈', '일회성 요인 반영, But 메모리 가격 상승은 지속될 것']",BUY,109000,81500,DS투자증권
2024-04-05,삼성전자,"['A005930', '-NAND가 돌아왔어요', '디스카운트 해소가 기대된다', '재고 평가손실 환입과 함께 기대 이상의 실적']",BUY,100000,81500,NH투자증권
2024-04-04,삼성전자,"['A005930', '-메모리 부문 실적 컨센서스 상회 전망', '1분기 예상 영업이익 5.76조원으로 시장 컨센서스 상회할 것', '투자의견 BUY, 목표주가 10만원으로 상향 조정']",BUY,100000,81500,유안타증권
2024-04-04,삼성전자,"['A005930', '-HBM 경쟁력 회복 가능성이 높아지고 있음', '동사 1Q24 매출과 영업이익을 74.2조원과 5.4조원으로 전망. 부문별 예상 영업이익은 DS +0.8조원, SDC +0.40조원, MX/네트워크 +3.9조원, 가전 (하만 포함) +0.3조원', 'DRAM, NAND 부문에서 출하량의 10%대 중반, 한자리수대 중반 감소에도 불구하고 ASP가 15%, 25% 상승함에 따라 DRAM 부문은 +1.8조원, NAND 부문은 -0.2조원의 영업이익 발생 예상']",BUY,99000,81500,하이투자증권
2024-04-04,삼성전자,"['A005930', '-Memory earnings likely to beat consensus', '1Q24 OP estimated at W5.76tn, beating consensus', 'Maintain BUY; revise up target price to W100,000']",BUY,100000,81500,유안타증권
2024-04-03,삼성전자,"['A005930', '-실적 정상 궤도 진입', '상반기 영업이익 13.4조원, 전년비 +10배', '삼성 파운드리, 하반기 실적개선 국면 진입']",BUY,110000,81500,KB증권
2024-04-03,삼성전자,"['A005930', '-Earnings Back on Track', 'Raise target price to KRW110,000', '1H24 OP forecast to surge 10x YoY to KRW13.4tn']",BUY,110000,81500,KB증권
2024-04-03,삼성전자,"['A005930', '-리레이팅 기대 구간', '1Q24 Preview: 매출액 +6%, 영업이익 +87% QoQ', 'HBM 캐치업 기대']",BUY,100000,81500,흥국증권
2024-04-02,삼성전자,"['A005930', '-메모리 반도체 성장 사이클이 다가온다', '투자의견 매수, 목표주가 100,000원으로 커버리지 개시', '턴어라운드 조건: HBM3E 공급 가시화 및 파운드리 개선']",BUY,100000,81500,대신증권
2024-04-01,삼성전자,"['A005930', '-1Q24 Preview: 나없이 반도체 봄을 논하지 말라', '1분기 실적은 컨센서스 상회 전망', 'HBM 논란은 더 이상은 불필요']",매수,102000,81500,한국투자증권
2024-04-01,삼성전자,"['A005930', '-1Q24 Preview: 기대감 상승', '1분기 실적은 컨센서스를 상회할 전망', '12단 HBM3e 핵심 고객사 양산 진입 기대감 상승']",BUY,95000,81500,상상인증권
2024-04-01,삼성전자,"['A005930', '-HBM 시장 침투 당위성 점증', '1Q24 예상 영업이익 5.6 조원으로 상향', 'HBM3, 3e 시장 침투 기대감, 당위성 점증 구간']",매수,100000,81500,SK증권
2024-04-01,삼성전자,"['A005930', '-메모리 반도체의 봄이 오고 있다', '동사의 1분기 매출액과 영업이익은 메모리 반도체 가격 상승에 따른 DS사업부 흑자 전환과 Galaxy S24 판매 호조에 힘입어 QoQ로 각각 8.5%, 102.2% 증가한 73.5조원과 5.7조원을 기록할 것으로 예상됨', 'HBM3E와 GDDR7등 Premium 제품 수요 증가에 초점을 맞춘 Buy & Hold 전략 유효']",BUY,95000,81500,현대차증권
2024-04-01,삼성전자,"['A005930', '-긴 겨울잠에서 깨어나기 시작한 거인', '1분기 실적을 매출 72.5조원, 영업이익 5.5조원으로 예상', '논란과 관심의 대상인 HBM에서는 HBM3의 주 고객사 납품이 시작되는 등 진전이 나타남']",BUY,107000,81500,유진투자증권
2024-03-29,삼성전자,"['A005930', '-봄이 오는 소리', '이제는 부정적인 부분을 찾기 보다는 기대가 필요한 시점', 'DS실적 개선 본격화와 함께 긍정적인 실적 기대']",BUY,100000,81500,NH투자증권
2024-03-28,삼성전자,"['A005930', '-Earnings Hopes', 'Semiconductor/Foundry earnings bottoming out', '1Q24E OP of KRW5.7tn, above consensus']",BUY,95000,81500,KB증권
2024-03-28,삼성전자,"['A005930', '-실적 기대 구간 진입', '반도체, 파운드리 실적: 바닥 확인', '1분기 추정 영업이익 5.7조원, 예상상회']",BUY,95000,81500,KB증권
2024-03-28,삼성전자,"['A005930', '-메모리 호황을 주가에 반영해야 할 때', '1Q24 Preview: 메모리 호조로 영업이익 상향', '2024년 영업이익 재차 상향']",BUY,100000,81500,하나증권
2024-03-27,삼성전자,"['A005930', '-메모리 중심 실적 개선 가속화', '1Q24 Preview : 컨센서스 상회 전망', '올해 DS 중심 실적 개선. HBM 격차 축소가 관건']",BUY,94000,81500,한화투자증권
2024-03-27,삼성전자,"['A005930', '-ESG 경영 활동 성과가 점차 가시화되고 있다', '중장기적 ESG 경영과제 실천을 통해 지속가능경영 강화 중', '사업환경 악화에도 ESG 경영 효과는 장기적 관점에서 보아야']",매수,93000,81500,BNK투자증권
2024-03-27,삼성전자,"['A005930', '-회복 Cycle 탑승', '1Q24 Preview 및 투자전략 제시', 'AI 수요 자극이 2H24~25년부터 레거시 제품까지 확대되며 실적 회복 탄력도가 점진적으로 강해질 전망']",BUY,100000,81500,다올투자증권
2024-03-26,삼성전자,"['A005930', '-HBM3e 시장 진입 성공 예상', '1Q24 영업이익 5.2조원, 시장 기대치 상회 예상', '2024년 영업이익 40조원(+511%YoY), 전망치 상향 조정']",BUY,100000,81500,키움증권
2024-03-25,삼성전자,"['A005930', '-천천히, 하지만 확실하게', '1Q24 스마트폰 신규 출시 효과 및 메모리 가격 상승 전망', 'HBM과 파운드리 개선 속도가 관건']",매수,95000,81500,신영증권
2024-03-25,삼성전자,"['A005930', '-상대적 편안함', '1Q24 Preview ? 메모리 반도체와 스마트폰이 이끌 실적 개선.', '메모리 위주 24년 실적 개선 전망.']",BUY,100000,81500,DB금융투자
2024-03-21,삼성전자,"['A005930', '-Concerns to Turn Into Expectations', 'Expecting major M&A, HBM3E supply', 'Expansion of ADAS business should have positive impact on Foundry']",BUY,95000,81500,KB증권
2024-03-21,삼성전자,"['A005930', '-우려가 기대로 전환될 것', '대형 M&A 및 HBM3E 공급 기대', 'ADAS 확장, 파운드리 긍정적 영향']",BUY,95000,81500,KB증권
2024-03-20,삼성전자,"['A005930', '-업황 개선 구간에서 돋보이는 매력', '1Q24 NAND ASP 상승에 따른 이익 개선', 'Legacy 메모리가 반등하는 구간에서 매력도 부각']",BUY,99000,81500,DS투자증권
2024-03-18,삼성전자,"['A005930', '-1Q24 Preview: 양호한 실적에도 아쉬움', '1Q24 영업이익 5조원 예상: 메모리와 갤럭시S24 덕분', '반도체 흑자전환, 스마트폰 제품 믹스 개선 Vs. 디스플레이 악화']",매수,86000,81500,BNK투자증권
2024-03-14,삼성전자,"['A005930', '-1Q24 메모리 흑자전환 예상', '1Q24 영업이익 4.2조원 (+47% QoQ), 메모리 흑자전환 예상', '나아질 일만 남았다. 가장 편안한 선택지']",매수,100000,81500,SK증권
2024-03-14,삼성전자,"['A005930', '-온기 확산, 언더퍼폼의 중단', '내용보다 결과가 중요한 실적 추정치 상향 조정', '메모리 극단적 수요 양극화 속, 삼성전자의 실리주의 정책 예상']",BUY,100000,81500,메리츠증권
,"메모리 극단적 수요 양극화 속, 삼성전자의 실리주의 정책 예상",[],BUY,100000,81500,메리츠증권
2024-03-13,삼성전자,"['A005930', '-2024년은DRAM중심으로 성장', '삼성전자의 2024년 1분기 실적은 이전 전망치를 상회한 매출액 75조원, 영업이익 5.1조원으로 예상.', 'DS, MX 사업부가 이전 전망 대비 개선될 것으로 기대']",매수,90000,81500,IBK투자증권
,"삼성전자의 2024년 1분기 실적은 이전 전망치를 상회한 매출액 75조원, 영업이익 5.1조원으로 예상.","['DS, MX 사업부가 이전 전망 대비 개선될 것으로 기대']",매수,90000,81500,IBK투자증권
2024-03-11,삼성전자,"['A005930', '-Memory Earnings Turning to Black', '1Q24E Memory OP to turn to black, for first time in six quarters', '1Q24E OP of KRW4.9tn, above consensus']",BUY,95000,81500,KB증권
2024-03-11,삼성전자,"['A005930', '-메모리 반도체 흑자 구간 진입', '1분기 메모리 영업이익, 6분기 만에 흑전', '1분기 추정 영업이익 4.9조원, 컨센 상회']",BUY,95000,81500,KB증권
2024-03-05,삼성전자,"['A005930', '-대중의 우려를 투자의 기회로', '동사에 대한 대중의 우려가 지배적. 그러나 방향은 잡았다', '파운드리도 최대 수주, 하반기부터 본격화 될 듯']",매수,105000,81500,미래에셋증권
2024-03-05,삼성전자,"['A005930', '-글로벌 메모리 반도체(DRAM/NAND 공통) 1위 업체', '2023년 매출 기준 반도체 26%, 모바일 디바이스 43%, 가전 22%, 디스플레이 12%로 구성', '메모리 분야 업계 1위, 사업 부문 대부분이 업계 선두에 포진하고 있는 글로벌 IT업체']",매수,90000,81500,신한투자증권
2024-02-20,삼성전자,"['A005930', '-2nm to Be Turning Point for Samsung Foundry', 'Expect SEC’s foundry division to continue to post record order wins', 'Samsung Foundry earnings to improve from 2H24, with marked increase in 2025', '81,500', 'KB증권', '김동원', '20', '24', '/02/20', '삼성전자', 'A005930', '-2nm, 삼성 파운드리 개선 전환점', '삼성 파운드리, 역대 최대 규모 수주 전망', '올 하반기부터 실적 개선 추세 진입, 2025년부터 큰 폭 개선', '81,500', 'KB증권', '김동원', '20', '24', '/02/13', '삼성전자', 'A005930', '-Spearheading Growth of On-Device AI Ecosystem', 'SEC’s 2bn open platform devices to attract AI partnerships with software developers', 'Galaxy S24, Book 4 to feature Google, MS AI', '81,500', 'KB증권', '김동원', '20', '24', '/02/13', '삼성전자', 'A005930', '-온디바이스 AI 생태계 확대 주도', '20억개 삼성 개방형 플랫폼: 소프트웨어 빅테크 AI 협력 증가', '갤럭시 S24, 북4: Google, MS AI 탑재', '81,500', 'KB증권', '김동원', '20', '24', '/02/06', '삼성전자', 'A005930', '-사법 리스크 완화, 삼성그룹주 긍정적 영향 기대', '이재용 회장 무죄, 사법 리스크 완화 구간 진입', '9년간 재판 끝자락, 삼성그룹주 전반의 기업가치 제고 긍정적', '81,500', 'KB증권', '김동원', '20', '24', '/02/06', '삼성전자', 'A005930', '-Legal Risk Alleviated; Expect Positive Impact on Group Stock', 'Chairman Jae-yong Lee’s acquittal alleviates legal risk', 'Expecting positive impact on corporate value of Samsung Group stocks', '81,500', 'KB증권', '김동원', '20', '24', '/02/05', '삼성전자', 'A005930', '-NDR Review, 메모리 중심의 수익성 회복 지속', '4Q23 Review', '1Q24 Preview']",BUY,95000,81500,유안타증권
2024-02-20,삼성전자,"['A005930', '-2nm, 삼성 파운드리 개선 전환점', '삼성 파운드리, 역대 최대 규모 수주 전망', '올 하반기부터 실적 개선 추세 진입, 2025년부터 큰 폭 개선', '81,500', 'KB증권', '김동원', '20', '24', '/02/13', '삼성전자', 'A005930', '-Spearheading Growth of On-Device AI Ecosystem', 'SEC’s 2bn open platform devices to attract AI partnerships with software developers', 'Galaxy S24, Book 4 to feature Google, MS AI', '81,500', 'KB증권', '김동원', '20', '24', '/02/13', '삼성전자', 'A005930', '-온디바이스 AI 생태계 확대 주도', '20억개 삼성 개방형 플랫폼: 소프트웨어 빅테크 AI 협력 증가', '갤럭시 S24, 북4: Google, MS AI 탑재', '81,500', 'KB증권', '김동원', '20', '24', '/02/06', '삼성전자', 'A005930', '-사법 리스크 완화, 삼성그룹주 긍정적 영향 기대', '이재용 회장 무죄, 사법 리스크 완화 구간 진입', '9년간 재판 끝자락, 삼성그룹주 전반의 기업가치 제고 긍정적', '81,500', 'KB증권', '김동원', '20', '24', '/02/06', '삼성전자', 'A005930', '-Legal Risk Alleviated; Expect Positive Impact on Group Stock', 'Chairman Jae-yong Lee’s acquittal alleviates legal risk', 'Expecting positive impact on corporate value of Samsung Group stocks', '81,500', 'KB증권', '김동원', '20', '24', '/02/05', '삼성전자', 'A005930', '-NDR Review, 메모리 중심의 수익성 회복 지속', '4Q23 Review', '1Q24 Preview']",BUY,95000,81500,유안타증권
2024-02-13,삼성전자,"['A005930', '-Spearheading Growth of On-Device AI Ecosystem', 'SEC’s 2bn open platform devices to attract AI partnerships with software developers', 'Galaxy S24, Book 4 to feature Google, MS AI', '81,500', 'KB증권', '김동원', '20', '24', '/02/13', '삼성전자', 'A005930', '-온디바이스 AI 생태계 확대 주도', '20억개 삼성 개방형 플랫폼: 소프트웨어 빅테크 AI 협력 증가', '갤럭시 S24, 북4: Google, MS AI 탑재', '81,500', 'KB증권', '김동원', '20', '24', '/02/06', '삼성전자', 'A005930', '-사법 리스크 완화, 삼성그룹주 긍정적 영향 기대', '이재용 회장 무죄, 사법 리스크 완화 구간 진입', '9년간 재판 끝자락, 삼성그룹주 전반의 기업가치 제고 긍정적', '81,500', 'KB증권', '김동원', '20', '24', '/02/06', '삼성전자', 'A005930', '-Legal Risk Alleviated; Expect Positive Impact on Group Stock', 'Chairman Jae-yong Lee’s acquittal alleviates legal risk', 'Expecting positive impact on corporate value of Samsung Group stocks', '81,500', 'KB증권', '김동원', '20', '24', '/02/05', '삼성전자', 'A005930', '-NDR Review, 메모리 중심의 수익성 회복 지속', '4Q23 Review', '1Q24 Preview']",BUY,95000,81500,유안타증권
2024-02-13,삼성전자,"['A005930', '-온디바이스 AI 생태계 확대 주도', '20억개 삼성 개방형 플랫폼: 소프트웨어 빅테크 AI 협력 증가', '갤럭시 S24, 북4: Google, MS AI 탑재', '81,500', 'KB증권', '김동원', '20', '24', '/02/06', '삼성전자', 'A005930', '-사법 리스크 완화, 삼성그룹주 긍정적 영향 기대', '이재용 회장 무죄, 사법 리스크 완화 구간 진입', '9년간 재판 끝자락, 삼성그룹주 전반의 기업가치 제고 긍정적', '81,500', 'KB증권', '김동원', '20', '24', '/02/06', '삼성전자', 'A005930', '-Legal Risk Alleviated; Expect Positive Impact on Group Stock', 'Chairman Jae-yong Lee’s acquittal alleviates legal risk', 'Expecting positive impact on corporate value of Samsung Group stocks', '81,500', 'KB증권', '김동원', '20', '24', '/02/05', '삼성전자', 'A005930', '-NDR Review, 메모리 중심의 수익성 회복 지속', '4Q23 Review', '1Q24 Preview']",BUY,95000,81500,유안타증권
2024-02-06,삼성전자,"['A005930', '-사법 리스크 완화, 삼성그룹주 긍정적 영향 기대', '이재용 회장 무죄, 사법 리스크 완화 구간 진입', '9년간 재판 끝자락, 삼성그룹주 전반의 기업가치 제고 긍정적', '81,500', 'KB증권', '김동원', '20', '24', '/02/06', '삼성전자', 'A005930', '-Legal Risk Alleviated; Expect Positive Impact on Group Stock', 'Chairman Jae-yong Lee’s acquittal alleviates legal risk', 'Expecting positive impact on corporate value of Samsung Group stocks', '81,500', 'KB증권', '김동원', '20', '24', '/02/05', '삼성전자', 'A005930', '-NDR Review, 메모리 중심의 수익성 회복 지속', '4Q23 Review', '1Q24 Preview']",BUY,95000,81500,유안타증권
2024-02-06,삼성전자,"['A005930', '-Legal Risk Alleviated; Expect Positive Impact on Group Stock', 'Chairman Jae-yong Lee’s acquittal alleviates legal risk', 'Expecting positive impact on corporate value of Samsung Group stocks', '81,500', 'KB증권', '김동원', '20', '24', '/02/05', '삼성전자', 'A005930', '-NDR Review, 메모리 중심의 수익성 회복 지속', '4Q23 Review', '1Q24 Preview']",BUY,95000,81500,유안타증권
2024-02-05,삼성전자,"['A005930', '-NDR Review, 메모리 중심의 수익성 회복 지속', '4Q23 Review', '1Q24 Preview']",BUY,95000,81500,유안타증권
2024-02-05,삼성전자,"['A005930', '-NDR review: profitability to continue recovering, driven by memory', '4Q23 review', '1Q24 preview']",BUY,95000,81500,유안타증권
2024-02-02,삼성전자,"['A005930', '-하반기부터 체질 개선 가속화 기대', 'MX/SDC 견조한 실적, 메모리 적자 폭 축소, 파운드리/가전 부진', '1분기 전사 영업이익 4.8조원 추정. 메모리 흑전, SDC 부진 전망']",매수,90000,81500,신한투자증권
2024-02-01,삼성전자,"['A005930', '-더욱 돋보일 메모리와 MX', '4Q23 review: 매출액 -1%, 영업이익 +15% QoQ', '1분기 메모리와 MX 중심의 실적 개선 예상']",BUY,93000,81500,흥국증권
2024-02-01,삼성전자,"['A005930', '-당분간 보수적 관점 권고', '반도체, VD/가전 부문 주도로 4Q23 실적 부진', '1Q24 영업이익 4.7조원으로 개선 예상']",BUY,87000,81500,하이투자증권
2024-02-01,삼성전자,"['A005930', '-점진적인 실적 개선 기대', '메모리 실적 개선 지속', '단기 수요에 대한 불확실성, 하지만 DS실적 개선 본격화']",BUY,95000,81500,NH투자증권
2024-02-01,삼성전자,"['A005930', '-4분기 실적: 기대감과 현실', '삼성전자 주가 상승은 1) 반도체 사이클 개선과 2) AI 수혜에 대한 “기대”', '사이클 개선은 좀 더 확실해졌으나, 삼성전자의 HBM 성장은 아직 불투명. 단, 기대감이 낮으니 주가에는 긍정적(Tailwind)이 될 것']",BUY,95000,81500,삼성증권
,삼성전자 주가 상승은 1) 반도체 사이클 개선과 2) AI 수혜에 대한 “기대”,"['사이클 개선은 좀 더 확실해졌으나, 삼성전자의 HBM 성장은 아직 불투명. 단, 기대감이 낮으니 주가에는 긍정적(Tailwind)이 될 것']",BUY,95000,81500,삼성증권
,"사이클 개선은 좀 더 확실해졌으나, 삼성전자의 HBM 성장은 아직 불투명. 단, 기대감이 낮으니 주가에는 긍정적(Tailwind)이 될 것",[],BUY,95000,81500,삼성증권
2024-02-01,삼성전자,"['A005930', '-부진한 수요, 공급 증가 우려 확대 예상', '4Q23 사업 부문별 영업이익 당사 추정치 부합', '1Q24 영업이익 5.0조원, 기존 당사 전망치 유지']",BUY,90000,81500,키움증권
2024-02-01,삼성전자,"['A005930', '-하반기부터 체질 개선 가속화 기대', 'MX/SDC 견조한 실적, 메모리 적자 폭 축소, 파운드리/가전 부진', '1분기 전사 영업이익 4.8조원 추정. 메모리 흑전, SDC 부진 전망']",매수,90000,81500,신한투자증권
2024-02-01,삼성전자,"['A005930', '-유연한 시장 대응으로 수익성 개선에 집중할 것', '4Q23 확정 실적 Review', '한 마음 한 뜻으로 고성능 DRAM 집중 전략']",BUY,99000,81500,DS투자증권
2024-02-01,삼성전자,"['A005930', '-4Q23 Review: 토끼와 거북이 이야기를 잊지 말라', '영업이익은 컨센서스를 하회', '이제는 따라잡을 시간']",매수,99000,81500,한국투자증권
2024-02-01,삼성전자,"['A005930', '-세트와 컴포넌트의 조화', '4Q23 Review: 견조한 MX와 디스플레이', '1Q24 Preview: MX의 견인과 메모리 적자 축소']",BUY,100000,81500,하나증권
2024-02-01,삼성전자,"['A005930', '-매분기 실적 개선세 이어질것', '23년 4분기, 부품 개선 > Set 부진', '24년 1분기. 반도체, 모바일 개선/ 디스플레이 부진']",매수,90000,81500,IBK투자증권
2024-02-01,삼성전자,"['A005930', '-2가지 모멘텀 확인 필요', '투자포인트 및 결론', '주요 이슈 및 실적전망']",BUY,89000,81500,현대차증권
2024-02-01,삼성전자,"['A005930', '-올바른 전략', '계절적 비수기에 진입한 상황에서 최근 주가 센티먼트는 부정적', '그러나 2Q24로 갈수록 2H24와 25년에 대한 실적상향 단서가 확인될 수 있음을 주목']",BUY,93000,81500,다올투자증권
2024-02-01,삼성전자,"['A005930', '-4Q23 Review 공격적인 메모리 출하량', '4Q23 Review 공격적인 메모리 출하량', '1Q24 ASP의 성장 전망되나 아쉬운 출하량']",BUY,95000,81500,교보증권
2024-02-01,삼성전자,"['A005930', '-업황도 주가도 U자형 회복 전망', '1Q24 영업이익 4.72조원으로 추가 개선되나, 기대치에는 미달할 듯', '높아진 유통재고, 고객사 재고조정을 기다리며 인내의 시간 필요']",매수,86000,81500,BNK투자증권
2024-02-01,삼성전자,"['A005930', '-좋은 기회가 있다면 지금이 아닐까', '4Q23 실적 리뷰', '주가 약세의 요인과 대응 : 업종 최선호주, 목표주가 105,000원 유지']",매수,105000,81500,미래에셋증권
2024-02-01,삼성전자,"['A005930', '-지금부터는 DS 실적 개선의 속도가 관건', '4Q23 Review', '단기 메모리 가격 흐름과 DS 실적 개선 속도가 관건']",BUY,94000,81500,한화투자증권
2024-02-01,삼성전자,"['A005930', '-회복 중, 하지만 조금 천천히', '1분기 영업이익은 4.1조원으로 시장 기대(1Q 컨센서스 5조원 대)보다 회복 강도가 약할 것으로 예상', '1분기 부문별 추정 영업 손익은 반도체 -0.4조, DP 0.3조, MX/NW 3.7조, VD/CE 0.3조']",BUY,91000,81500,유진투자증권
2024-02-01,삼성전자,"['A005930', '-Opportune time to buy', '4Q23 review', 'Concerns are overblown; our top pick in semiconductors; maintain TP of W105,000']",매수,105000,81500,미래에셋증권
2024-02-01,삼성전자,"['A005930', '-4Q results: Expectations vs reality', 'Industry recovery taking shape', 'Maintaining shareholder return policy']",BUY,95000,81500,삼성증권
2024-02-01,삼성전자,"['A005930', '-꽃샘추위', '4Q23P Review: 메모리·디스플레이 개선 vs 부진한 파운드리·VD', '24년 메모리 기반 실적 개선 전망']",BUY,94000,81500,DB금융투자
2024-01-31,삼성전자,"['A005930', '-4Q23 컨퍼런스 콜', '1Q24 B/G 가이던스 DRAM 시장 10 % 중반 하락 수준 , NAND 시장 낮은 한자리수 하락 하회', '재고축적 수요보다는 진성수요 중심 대응 24 년 업계 생산은 수요 상회 어려움 . 선단 제품에서 더 뚜렷할 것', '81,500', 'SK증권', '한동희', '20', '24', '/01/31', '삼성전자', 'A005930', '-In the Vanguard of AI-equipped Smartphones', 'High-end Ultra model accounts for 65% of Galaxy S24 preorders', '2024E S24 unit sales at 36mn units (+16% YoY)', '81,500', 'KB증권', '김동원', '20', '24', '/01/31', '삼성전자', 'A005930', '-반도체 실적 개선 본격화', '24년 메모리 영업이익 +27조원 YoY 개선', '1분기 OP 4.2조원, 메모리 6분기만에 흑전']",BUY,95000,81500,KB증권
2024-01-31,삼성전자,"['A005930', '-In the Vanguard of AI-equipped Smartphones', 'High-end Ultra model accounts for 65% of Galaxy S24 preorders', '2024E S24 unit sales at 36mn units (+16% YoY)', '81,500', 'KB증권', '김동원', '20', '24', '/01/31', '삼성전자', 'A005930', '-반도체 실적 개선 본격화', '24년 메모리 영업이익 +27조원 YoY 개선', '1분기 OP 4.2조원, 메모리 6분기만에 흑전']",BUY,95000,81500,KB증권
2024-01-31,삼성전자,"['A005930', '-반도체 실적 개선 본격화', '24년 메모리 영업이익 +27조원 YoY 개선', '1분기 OP 4.2조원, 메모리 6분기만에 흑전']",BUY,95000,81500,KB증권
2024-01-31,삼성전자,"['A005930', '-Memory Earnings Expected to Improve in Earnest', '2024 DS OP to jump KRW27tn', '1Q24 forecast: OP at KRW4.2tn; Memory should turn to black for first time in six quarters']",BUY,95000,81500,KB증권
2024-01-31,삼성전자,"['A005930', '-사면초가 청룡의 여의주 사용조건', '4Q23 영업이익 2.8조원 + 순현금 79조원 = 실리주의 강화', '파운드리, 스마트폰, 메모리 수요 양극화의 사면초가 → 메모리로 극복']",BUY,95000,81500,메리츠증권
2024-01-31,삼성전자,"['A005930', '-온디바이스 AI폰 주도 기대', '갤럭시 S24 예판, 최고가 울트라 비중 65%', '2024년 갤럭시 S24 3,600만대, +16% YoY', '81,500', 'KB증권', '김동원', '20', '24', '/01/18', '삼성전자', 'A005930', '-Galaxy S24 Sales Volume to Mark Record High Since 2016', '2024E S24 sales volume at 36mn units (+16% YoY)', '1Q24E S24 sales volume at 12mn units (+66% YoY)']",BUY,95000,81500,KB증권
2024-01-18,삼성전자,"['A005930', '-Galaxy S24 Sales Volume to Mark Record High Since 2016', '2024E S24 sales volume at 36mn units (+16% YoY)', '1Q24E S24 sales volume at 12mn units (+66% YoY)']",BUY,95000,81500,KB증권
2024-01-18,삼성전자,"['A005930', '-갤럭시 S24, 8년 만에 최대 판매량 기대', '24년 S24 판매량 3,600만대 +16% YoY', '1분기 S24 판매량 1,200만대 +66% YoY']",BUY,95000,81500,KB증권
2024-01-16,삼성전자,"['A005930', '-4분기 반도체 부진, 나머진 예상 수준', '삼성전자의 2023년 4분기 잠정 매출액은 2023년 3분기 대비 소폭 감소한 67조', '삼성전자의 2023년 4분기 사업부별 업황은 사업부별로 온도 차가 발생했던 것으로 판단']",매수,90000,81500,IBK투자증권
,삼성전자의 2023년 4분기 잠정 매출액은 2023년 3분기 대비 소폭 감소한 67조,['삼성전자의 2023년 4분기 사업부별 업황은 사업부별로 온도 차가 발생했던 것으로 판단'],매수,90000,81500,IBK투자증권
,삼성전자의 2023년 4분기 사업부별 업황은 사업부별로 온도 차가 발생했던 것으로 판단,[],매수,90000,81500,IBK투자증권
2024-01-16,삼성전자,"['A005930', '-24년 점진적 분기 증익 전망', '4Q23P Review ? 시장 예상을 하회한 실적', '2024년 반도체 기반 분기 증익 전망']",BUY,94000,81500,DB금융투자
2024-01-16,삼성전자,"['A005930', '-AI는 분명한 기회요인. 다만 2Q24 메모리 가격 방향성이 관건', '4Q23 잠정실적 Review 및 1Q24 전망', 'AI는 분명한 기회요인. 다만 2Q24 메모리 가격 방향성이 관건']",BUY,94000,81500,한화투자증권
2024-01-16,삼성전자,"['A005930', '-메모리 반도체 수요 증가에 힘입어 2024년부터 Turn Around 예상 / Foundry 경쟁력 확인 필요', '메모리 반도체 가격은 23년 4분기부터 고객사들의 재고 감소 속에 QoQ로 15% 이상 상승하고 있으며 1분기에도 Mobile DRAM을 중심으로 QoQ로 20% 이상 상승이 예상됨. 동사도 가격 상승과 함께 2분기부터 점진적으로 감산 규모를 줄일 것으로 보이며, 매분기 메모리 반도체 실적은 개선될 것으로 보임', 'HBM3의 경우 올해 1분기부터 NVIDIA에 공급하면서 시장 점유율이 빠르게 상승할 것으로 예상']",BUY,89000,81500,현대차증권
2024-01-15,삼성전자,"['A005930', '-Edge Over TSMC in AI Chips Becoming Apparent', 'Discussions on use of foundry for AI chip production', 'AI market growth expected to be driven by shift from cloud AI to on-device AI', '81,500', 'KB증권', '김동원', '20', '24', '/01/15', '삼성전자', 'A005930', '-신규 주주환원 정책은 경영진의 자신감', '기대 이하의4Q23 잠정실적. 메모리 실리주의 강화 기반으로 작용', '1월말 신규 주주환원 정책 및 경영진의 사업전망에 주목. Buy 투자의견과 적정주가 9.5만원']",BUY,95000,81500,메리츠증권
2024-01-15,삼성전자,"['A005930', '-신규 주주환원 정책은 경영진의 자신감', '기대 이하의4Q23 잠정실적. 메모리 실리주의 강화 기반으로 작용', '1월말 신규 주주환원 정책 및 경영진의 사업전망에 주목. Buy 투자의견과 적정주가 9.5만원']",BUY,95000,81500,메리츠증권
2024-01-15,삼성전자,"['A005930', '-AI 반도체, TSMC에 경쟁우위 부각', 'AI 메모리 생산에 파운드리 공정 활용', '향후 AI는 클라우드서 온디바이스 AI로 전환', '81,500', 'KB증권', '김동원', '20', '24', '/01/10', '삼성전자', 'A005930', '-4Q23 실적 예상치 하회', '반도체, MX, 가전 부문 주도로 4Q23 실적 부진', '1Q24 영업이익 5.3조원으로 개선 예상']",BUY,87000,81500,하이투자증권
2024-01-10,삼성전자,"['A005930', '-4Q23 실적 예상치 하회', '반도체, MX, 가전 부문 주도로 4Q23 실적 부진', '1Q24 영업이익 5.3조원으로 개선 예상']",BUY,87000,81500,하이투자증권
2024-01-10,삼성전자,"['A005930', '-메모리 개선세는 확인', '4Q23 잠정실적: 매출액 -1%, 영업이익 +15% QoQ', '낮아진 재고 부담']",BUY,93000,81500,흥국증권
2024-01-10,삼성전자,"['A005930', '-메모리 반도체가 Macro보다 낫지만..', '올해 메모리 반도체 시장은 HBM 수요, 일반 Server와 PC용 DDR5 수요에 힘입어 Foundry와 Fabless 산업 대비 양호할 것', 'Macro 영향을 크게 받는 타 산업 대비 투자 매력도는 더욱 클 것으로 보임']",BUY,89000,81500,현대차증권
2024-01-10,삼성전자,"['A005930', '-4Q23 잠정실적 발표 요약', '2023년 4분기 잠정실적 발표', '공격적인 메모리 출하, 파운드리 부진 지속', '81,500', '교보증권', '최보영', '20', '24', '/01/10', '삼성전자', 'A005930', '-Preliminary 4Q results: It is okay to go slow', 'Preliminary 4Q results disappoint', 'Two positive implications']",BUY,95000,81500,삼성증권
2024-01-10,삼성전자,"['A005930', '-Preliminary 4Q results: It is okay to go slow', 'Preliminary 4Q results disappoint', 'Two positive implications']",BUY,95000,81500,삼성증권
2024-01-10,삼성전자,"['A005930', '-아쉬운 실적, 하지만 한층 가벼워진 재고', '반도체 수익성 회복 속도는 아쉽지만']",BUY,95000,81500,NH투자증권
2024-01-10,삼성전자,"['A005930', '-4분기 DS 기대 이하', '4분기 반도체 예상 대비 부진, 나머지는 예상 수준', '22년 4분기/DS: 개선, 디스플레이: 유지, IM: 부진, 가전: 부진']",매수,90000,81500,IBK투자증권
2024-01-10,삼성전자,"['A005930', '-U자형 회복 관점 유지', '4Q23 실적 Review: 메모리 제외하고 전사업 부진', 'DX사업부 예상보다 더 부진, 매출 차질의 주요인']",매수,86000,81500,BNK투자증권
2024-01-10,삼성전자,"['A005930', '-메모리는 잘했는데…', '4분기 매출액과 영업이익은 컨센서스를 하회', '메모리 회복에 주목, 매수 추천']",매수,99000,81500,한국투자증권
2024-01-10,삼성전자,"['A005930', '-4Q23 잠정 실적 리뷰', '4Q23 비메모리 및 생활가전 부진 지속', '1Q24 영업이익 5.1조원(+81%QoQ) 전망', '81,500', '키움증권', '박유악', '20', '24', '/01/10', '삼성전자', 'A005930', '-재고 정상화, 아쉬운 비메모리', '메모리 부합, 비메모리 하회', '메모리 회복 긍정적, 가동률 회복 사이클 시작']",BUY,99000,81500,DS투자증권
2024-01-10,삼성전자,"['A005930', '-재고 정상화, 아쉬운 비메모리', '메모리 부합, 비메모리 하회', '메모리 회복 긍정적, 가동률 회복 사이클 시작']",BUY,99000,81500,DS투자증권
2024-01-10,삼성전자,"['A005930', '-4분기 잠정실적: 조금 느려도 괜찮아요', '기대 이하의 잠정 실적', '두 가지 긍정적인 시사점: 실적 쇼크에도 반도체 업황 개선에 대한 점은 여전']",BUY,95000,81500,삼성증권
2024-01-09,삼성전자,"['A005930', '-4Q23 preliminary results', 'Preliminary operating profit of W2.8tr', 'Overweight recommendation']",매수,105000,81500,미래에셋증권
2024-01-09,삼성전자,"['A005930', '-DS Earnings Improving Smoothly', 'DS earnings expected to increase KRW29tn YoY this year', '1Q24 forecast: OP at KRW4.5tn (+60% QoQ)']",BUY,95000,81500,KB증권
2024-01-09,삼성전자,"['A005930', '-密雲不雨 비메모리, 好轉之勢 메모리', '4Q 잠정실적은 매출 67조원, 영업이익 2.8조원으로 영업이익 높아진 최근 컨센서스를 하회', '부문별 예상 영업손익은 반도체 -1.9조원, SDC 1.9조원, MX/NW 2.4조원, VD/CE 0.1조원, 하만 0.4조원 등']",BUY,93000,81500,유진투자증권
2024-01-09,삼성전자,"['A005930', '-반도체, 실적 개선 순항 중', '올해 메모리 반도체 이익 개선 +29조원 YoY', '1분기 영업이익 4.5조원 예상, +60% QoQ']",BUY,95000,81500,KB증권
2024-01-09,삼성전자,"['A005930', '-4Q23 잠정 리뷰: 메모리 탓만은 아니다', '4Q23 영업이익 2.8조원을 기록', '투자의견: 비중확대로 대응']",매수,105000,81500,미래에셋증권
2024-01-09,삼성전자,"['A005930', '-삼성전자 4Q23 컨센서스 하회의 배경', '4Q23 영업이익 2.8조원 (+15% QoQ)으로 시장컨센서스 하회. Set 수요 부진에 따른 비메모리 적자 폭 확대', '부문 영업이익 (조원): DS -2.2 (메모리 -1.2, 비메모리 -1.0), DX 2.5 (MX/NW 2.5), SDC 2.0, Harman 0.4', '81,500', 'SK증권', '한동희', '20', '24', '/01/09', '삼성전자', 'A005930', '-4Q23P - 출하증가 불구 발목 잡힌 반도체 수익성', '4Q23 잠정 실적  SDC 선방 불구 반도체 침체 지속', '부문별 실적 살펴보기', '81,500', '메리츠증권', '김선우', '20', '24', '/01/05', '삼성전자', 'A005930', '-출하와 가격의 절충', '4Q23 영업이익 3.3 조원 (+35% QoQ) 예상', '출하와 가격의 절충']",매수,100000,81500,SK증권
,-삼성전자 4Q23 컨센서스 하회의 배경,"['4Q23 영업이익 2.8조원 (+15% QoQ)으로 시장컨센서스 하회. Set 수요 부진에 따른 비메모리 적자 폭 확대', '부문 영업이익 (조원): DS -2.2 (메모리 -1.2, 비메모리 -1.0), DX 2.5 (MX/NW 2.5), SDC 2.0, Harman 0.4', '81,500', 'SK증권', '한동희', '20', '24', '/01/09', '삼성전자', 'A005930', '-4Q23P - 출하증가 불구 발목 잡힌 반도체 수익성', '4Q23 잠정 실적  SDC 선방 불구 반도체 침체 지속', '부문별 실적 살펴보기', '81,500', '메리츠증권', '김선우', '20', '24', '/01/05', '삼성전자', 'A005930', '-출하와 가격의 절충', '4Q23 영업이익 3.3 조원 (+35% QoQ) 예상', '출하와 가격의 절충']",매수,100000,81500,SK증권
2024-01-09,삼성전자,"['A005930', '-4Q23P - 출하증가 불구 발목 잡힌 반도체 수익성', '4Q23 잠정 실적  SDC 선방 불구 반도체 침체 지속', '부문별 실적 살펴보기', '81,500', '메리츠증권', '김선우', '20', '24', '/01/05', '삼성전자', 'A005930', '-출하와 가격의 절충', '4Q23 영업이익 3.3 조원 (+35% QoQ) 예상', '출하와 가격의 절충']",매수,100000,81500,SK증권
2024-01-05,삼성전자,"['A005930', '-출하와 가격의 절충', '4Q23 영업이익 3.3 조원 (+35% QoQ) 예상', '출하와 가격의 절충']",매수,100000,81500,SK증권
2024-01-05,삼성전자,"['A005930', '-1차 관문(레거시 반등) 통과', '레거시 가격 반등에 따른 전반적 실적 개선 구간 돌입', '2H24로 갈수록 Q의 증가효과까지 가세될 전망']",BUY,93000,81500,다올투자증권
2024-01-05,삼성전자,"['A005930', '-4Q23 Preview: 깔끔한 마무리', 'DRAM 흑자 전환', '2024년은 기술 경쟁력 회복과 DS실적 개선 본격화']",BUY,95000,81500,NH투자증권
2024-01-05,삼성전자,"['A005930', '-4Q23 Preview: DRAM 턴어라운드', '4Q23 영업이익 3.9조원 전망', '2024년 영업이익 37.3조원(+386% YoY, OPM 12%) 전망']",BUY,99000,81500,DS투자증권
2024-01-04,삼성전자,"['A005930', '-메모리 중심의 실적 개선 지속', '4Q23 Preview: DS 부문 적자 축소로 영업이익 상향', '2024년 실적 상향 조정']",BUY,100000,81500,하나증권
2024-01-04,삼성전자,"['A005930', '-4Q23 Preview: DRAM 흑자 전환 예상', '4분기 실적은 컨센서스 부합 전망', 'Back to basic, 기술력 회복이 무엇보다 절실']",매수,99000,81500,한국투자증권
2024-01-02,삼성전자,"['A005930', '-4Q23 Preview: DRAM 흑자 전환', '4분기 실적은 컨센서스를 소폭 상화할 전망', '메모리 탑재량 증가 추세는 1분기부터 시작될 전망']",BUY,95000,81500,상상인증권
2024-01-02,삼성전자,"['A005930', '-불리한 카운트에서의 전력투구', '4Q23 영업이익 4.4조원 전망. 메모리 최대 출하 속 실리주의 전략 추구', '메모리 감산 원복과 수익성 가시성 회복. 신규 주주환원 정책에 주목']",BUY,95000,81500,메리츠증권
